,best_callsign,best_field_strength,best_distance_km,stations_above_threshold,covered,city,state_id,lat,lng,population,county_name,county_name_clean,rurality_multiplier,hazard_multiplier,access_multiplier,coastal_flood_count,wildfire_count,hurricane_count,tornado_count,coastal_flood_count_pct,wildfire_count_pct,hurricane_count_pct,tornado_count_pct,event_exposure_score,gap_depth,combined_multiplier,priority_score
1,KIH-62,21.18,97.23,0,False,Bakersfield,CA,35.3528,-119.0354,567585.0,Kern,Kern,1.125,1.8370639876136627,1.0955922267679719,0,27,0,0,0.42684954280964255,0.9139650872817955,0.4553200332502078,0.13528678304239403,0.48285536159601,28.82,1.3350480659635797,21838448.852904625
2,WWF-47,33.73,39.66,0,False,Provo,UT,40.2458,-111.6457,501690.0,Utah,Utah,1.125,1.765424047229255,1.0592662337662337,0,0,0,0,0.42684954280964255,0.2912510390689942,0.4553200332502078,0.13528678304239403,0.3271768495428097,16.270000000000003,1.3018277787678427,10626164.427429738
3,KWO-37,34.37,76.94,0,False,Murrieta,CA,33.572,-117.1909,476630.0,Riverside,Riverside,1.0,1.797485115931545,1.0985074093233174,0,0,0,0,0.42684954280964255,0.2912510390689942,0.4553200332502078,0.13528678304239403,0.3271768495428097,15.630000000000003,1.275690007770727,9503542.166950796
4,KEC-78,37.22,41.78,0,False,Ogden,UT,41.2281,-111.9677,571457.0,Weber,Weber,1.125,1.7073133602063542,1.0799275862068964,0,0,0,0,0.42684954280964255,0.2912510390689942,0.4553200332502078,0.13528678304239403,0.3271768495428097,12.780000000000001,1.2903049065886925,9423381.193436928
5,WWG-41,32.13,30.22,0,False,Scottsdale,AZ,33.6872,-111.865,246645.0,Maricopa,Maricopa,1.0,1.7972624696211128,1.0988175733800933,0,0,0,0,0.42684954280964255,0.2912510390689942,0.4553200332502078,0.13528678304239403,0.3271768495428097,17.869999999999997,1.2757169363080634,5622781.2711144
6,KWO-37,39.82,18.11,0,False,Santa Clarita,CA,34.4119,-118.5036,266958.0,Los Angeles,Los Angeles,1.0,1.8836580423940148,1.111222670328002,3,145,0,0,0.8902743142144638,0.9678927680798005,0.4553200332502078,0.13528678304239403,0.6121934746467165,10.18,1.3061171423760052,3549546.3165611303
7,WZ-2505,42.54,31.42,0,False,Lancaster,CA,34.6934,-118.1753,348760.0,Los Angeles,Los Angeles,1.0,1.7981530548628428,1.111222670328002,0,0,0,0,0.42684954280964255,0.2912510390689942,0.4553200332502078,0.13528678304239403,0.3271768495428097,7.460000000000001,1.2798079154433368,3329739.7320815357
8,KWO-37,39.33,36.82,0,False,Thousand Oaks,CA,34.1914,-118.8755,218548.0,Ventura,Ventura,1.125,1.8793342462863196,1.0975819936958235,3,142,0,0,0.8902743142144638,0.9666458852867831,0.4553200332502078,0.13528678304239403,0.6118817539484621,10.670000000000002,1.3486665353791207,3144965.150302965
9,WNG-637,28.96,20.89,0,False,San Marcos,CA,33.135,-117.1743,95261.0,San Diego,San Diego,1.0,1.889104350288401,1.0887296790344045,36,420,0,0,0.9604114713216958,0.9970906068162926,0.4553200332502078,0.13528678304239403,0.6370272236076475,21.04,1.3008720090224015,2607326.632219202
10,KEC-94,25.1,17.79,0,False,Goodyear,AZ,33.2613,-112.3622,77258.0,Maricopa,Maricopa,1.0,1.7972624696211128,1.0988175733800933,0,0,0,0,0.42684954280964255,0.2912510390689942,0.4553200332502078,0.13528678304239403,0.3271768495428097,24.9,1.2757169363080634,2454127.54272568
11,WNG-704,43.76,22.65,0,False,Reading,PA,40.34,-75.9266,264736.0,Berks,Berks,1.125,1.8104307654845075,1.1063736025392348,0,1,0,4,0.42684954280964255,0.6357024106400665,0.4553200332502078,0.6343516209476309,0.5380559019118869,6.240000000000002,1.330170574776536,2197378.792652417
12,WXK-94,21.17,61.28,0,False,Manhattan,KS,39.1883,-96.605,57442.0,Riley,Riley,1.25,1.5504879460064849,1.0721375,0,0,0,5,0.42684954280964255,0.2912510390689942,0.4553200332502078,0.7100997506234414,0.4708800914380715,28.83,1.2877309064635338,2132550.4505593274
13,KEC-57,5.87,43.24,0,False,Sonora,CA,37.9819,-120.3828,27799.0,Tuolumne,Tuolumne,1.375,1.7303379195141917,1.1224346405228758,0,4,0,0,0.42684954280964255,0.7674563591022444,0.4553200332502078,0.13528678304239403,0.4462281795511222,44.13,1.4066223261652515,1725601.8882088433
14,KEC-78,36.71,29.49,0,False,Orem,UT,40.2988,-111.699,97499.0,Utah,Utah,1.125,1.765424047229255,1.0592662337662337,0,0,0,0,0.42684954280964255,0.2912510390689942,0.4553200332502078,0.13528678304239403,0.3271768495428097,13.29,1.3018277787678427,1686858.5887417216
15,WNG-692,27.12,38.76,0,False,Eagle Pass,TX,28.7118,-100.4832,54091.0,Maverick,Maverick,1.25,1.561826984701097,1.1635230769230769,0,0,0,1,0.42684954280964255,0.2912510390689942,0.4553200332502078,0.3299044056525353,0.375831255195345,22.88,1.319338480499746,1632816.0476905247
16,WNG-637,37.89,24.16,0,False,Vista,CA,33.1895,-117.2386,101659.0,San Diego,San Diego,1.0,1.888948489939274,1.0887296790344045,36,315,0,0,0.9604114713216958,0.9950124688279302,0.4553200332502078,0.13528678304239403,0.6365076891105569,12.11,1.3008240519919012,1601432.119570495
17,WWG-21,32.12,25.45,0,False,San Clemente,CA,33.4498,-117.6103,65309.0,Orange,Orange,1.0,1.8428894962022424,1.0906002420326477,0,20,0,0,0.42684954280964255,0.9055486284289277,0.4553200332502078,0.13528678304239403,0.480751246882793,17.880000000000003,1.2872276117645816,1503127.7599695872
18,WXM-73,35.11,37.79,0,False,Harrisonburg,VA,38.4362,-78.8735,72470.0,Harrisonburg (city),Harrisonburg,1.25,1.3237180387136482,1.0934,0,8,0,0,0.42684954280964255,0.8170199501246883,0.4553200332502078,0.13528678304239403,0.4586190773067332,14.89,1.224497858065738,1321329.0670352178
19,WXM-42,42.94,33.18,0,False,Frederick,MD,39.4334,-77.4154,152047.0,Frederick,Frederick,1.0,1.6665036676755947,1.0715446153846153,0,1,0,2,0.42684954280964255,0.6357024106400665,0.4553200332502078,0.44305901911886947,0.4902327514546966,7.060000000000002,1.2270917794031415,1317223.9039073412
20,KXI-83,9.02,158.0,0,False,Yucca Valley,CA,34.1231,-116.4215,24899.0,San Bernardino,San Bernardino,1.0,1.79703982331068,1.091445912090586,0,0,0,0,0.42684954280964255,0.2912510390689942,0.4553200332502078,0.13528678304239403,0.3271768495428097,40.980000000000004,1.2733802262773126,1299307.5465321497
21,WXL-39,33.86,33.19,0,False,East Stroudsburg,PA,41.0023,-75.1779,56230.0,Monroe,Monroe,1.375,1.7562475213048803,1.0917254901960785,0,8,0,2,0.42684954280964255,0.8170199501246883,0.4553200332502078,0.44305901911886947,0.535562136325852,16.14,1.405145542000295,1275242.9279625602
22,KEC-78,26.36,24.25,0,False,Pleasant Grove,UT,40.3714,-111.7411,38756.0,Utah,Utah,1.125,1.765424047229255,1.0592662337662337,0,0,0,0,0.42684954280964255,0.2912510390689942,0.4553200332502078,0.13528678304239403,0.3271768495428097,23.64,1.3018277787678427,1192723.9879924227
23,WXM-66,36.5,38.24,0,False,Lake Elsinore,CA,33.6847,-117.3346,64205.0,Riverside,Riverside,1.0,1.797485115931545,1.0985074093233174,0,0,0,0,0.42684954280964255,0.2912510390689942,0.4553200332502078,0.13528678304239403,0.3271768495428097,13.5,1.275690007770727,1105726.6388104137
24,KWN-36,32.53,28.76,0,False,Uniontown,PA,39.8994,-79.7244,49241.0,Fayette,Fayette,1.0,1.6736937673310361,1.1112055555555556,0,0,0,0,0.42684954280964255,0.2912510390689942,0.4553200332502078,0.13528678304239403,0.3271768495428097,17.47,1.241507483965105,1067994.7332131625
25,WWF-67,33.13,35.53,0,False,Oroville,CA,39.5,-121.5647,45445.0,Butte,Butte,1.25,1.7935873976001473,1.1053444444444445,0,6,0,0,0.42684954280964255,0.7973815461346634,0.4553200332502078,0.13528678304239403,0.453709476309227,16.869999999999997,1.3727482590906435,1052427.267981894
26,WXJ-48,36.87,40.53,0,False,Hot Springs,AR,34.4915,-93.0488,57744.0,Garland,Garland,1.25,1.7808096052806914,1.12788,0,0,0,9,0.42684954280964255,0.2912510390689942,0.4553200332502078,0.9014962593516209,0.5187292186201165,13.130000000000003,1.3757506477786743,1043064.8651720064
27,KHB-49,29.51,13.49,0,False,Pacifica,CA,37.6112,-122.4781,39062.0,San Mateo,San Mateo,1.0,1.8825149673526107,1.0825732558139536,42,77,0,0,0.9670615128844555,0.9471113881961762,0.4553200332502078,0.13528678304239403,0.6261949293433083,20.49,1.296950222512789,1038053.5119358704
28,WXM-66,40.95,37.49,0,False,Menifee,CA,33.6909,-117.1849,88531.0,Riverside,Riverside,1.0,1.797485115931545,1.0985074093233174,0,0,0,0,0.42684954280964255,0.2912510390689942,0.4553200332502078,0.13528678304239403,0.3271768495428097,9.049999999999997,1.275690007770727,1022089.9143054491
29,KHB-43,42.05,29.28,0,False,Slidell,LA,30.2881,-89.7828,94320.0,St. Tammany,St. Tammany,1.125,1.8347135500942302,1.095896551724138,0,0,3,2,0.42684954280964255,0.2912510390689942,0.9556317539484622,0.44305901911886947,0.5291978387364922,7.950000000000003,1.3344184928671903,1000605.7003655058
30,WXJ-46,41.46,33.42,0,False,Springfield,OH,39.9304,-83.7961,83115.0,Clark,Clark,1.25,1.6809586839199708,1.1089155555555557,0,0,0,5,0.42684954280964255,0.2912510390689942,0.4553200332502078,0.7100997506234414,0.4708800914380715,8.54,1.3391920736847776,950561.3462048098
31,WXM-69,31.26,19.28,0,False,Portsmouth,OH,38.7539,-82.9446,36584.0,Scioto,Scioto,1.375,1.6205073551807503,1.1146095238095237,0,0,0,3,0.42684954280964255,0.2912510390689942,0.4553200332502078,0.545303408146301,0.42968100581878643,18.74,1.3704205781508536,939538.6409182672
32,WXL-85,37.89,14.08,0,False,Grants Pass,OR,42.4334,-123.3318,55265.0,Josephine,Josephine,1.25,1.8156173457894704,1.1225181818181817,1,436,0,0,0.8633624272651704,0.9989609310058188,0.4553200332502078,0.13528678304239403,0.6132325436408977,12.11,1.3848109315715855,926797.3869743075
33,KHB-36,37.48,33.56,0,False,Leesburg,VA,39.1057,-77.5543,52607.0,Loudoun,Loudoun,1.0,1.746492031689225,1.062037837837838,300,15,0,1,0.9902327514546966,0.8868453865336658,0.4553200332502078,0.3299044056525353,0.6655756442227765,12.520000000000003,1.2487784213929425,822494.9699060161
34,WXJ-38,4.68,168.37,0,False,Grants,NM,35.1538,-107.8347,12305.0,Cibola,Cibola,1.625,1.5067090345066088,1.1228222222222222,0,0,0,0,0.42684954280964255,0.2912510390689942,0.4553200332502078,0.13528678304239403,0.3271768495428097,45.32,1.434086540531948,799736.4288180515
35,WZ-2505,22.21,31.73,0,False,Arvin,CA,35.1944,-118.8306,21380.0,Kern,Kern,1.125,1.8370639876136627,1.0955922267679719,0,27,0,0,0.42684954280964255,0.9139650872817955,0.4553200332502078,0.13528678304239403,0.48285536159601,27.79,1.3350480659635797,793219.075401874
36,WWG-57,41.98,35.32,0,False,Newark,OH,40.0703,-82.4252,78563.0,Licking,Licking,1.0,1.6651348727418094,1.0863826086956523,0,0,0,1,0.42684954280964255,0.2912510390689942,0.4553200332502078,0.3299044056525353,0.375831255195345,8.020000000000003,1.2312361481346037,775771.4361573092
37,KIG-78,37.33,33.08,0,False,Palm Springs,CA,33.8012,-116.538,47689.0,Riverside,Riverside,1.0,1.797485115931545,1.0985074093233174,0,0,0,0,0.42684954280964255,0.2912510390689942,0.4553200332502078,0.13528678304239403,0.3271768495428097,12.670000000000002,1.275690007770727,770796.9444899259
38,WXL-43,37.24,38.99,0,False,Pottsville,PA,40.6798,-76.2092,41479.0,Schuylkill,Schuylkill,1.375,1.7442072300165616,1.1070952380952381,0,1,0,2,0.42684954280964255,0.6357024106400665,0.4553200332502078,0.44305901911886947,0.4902327514546966,12.759999999999998,1.406169990188246,744246.4592937129
39,KZZ-28,39.65,28.04,0,False,Staunton,VA,38.1593,-79.0608,58077.0,Staunton (city),Staunton,1.25,1.1983507754151517,1.1099714285714286,0,1,0,0,0.42684954280964255,0.6357024106400665,0.4553200332502078,0.13528678304239403,0.4132896924355777,10.350000000000001,1.1910222166112554,715919.821787265
40,WXL-71,36.22,25.33,0,False,Junction City,KS,39.0268,-96.8495,40157.0,Geary,Geary,1.25,1.4300287369997398,1.0751818181818182,0,0,0,6,0.42684954280964255,0.2912510390689942,0.4553200332502078,0.7723399833748961,0.4864401496259352,13.780000000000001,1.2516032477481716,692591.5037211655
41,WXL-55,32.9,35.52,0,False,Shamokin,PA,40.7883,-76.555,29054.0,Northumberland,Northumberland,1.375,1.6523197215295093,1.1115599999999999,0,0,0,0,0.42684954280964255,0.2912510390689942,0.4553200332502078,0.13528678304239403,0.3271768495428097,17.1,1.3792706835475412,685253.9505204136
42,KQC-45,13.56,106.79,0,False,Twentynine Palms,CA,34.1484,-116.0655,13410.0,San Bernardino,San Bernardino,1.0,1.79703982331068,1.091445912090586,0,0,0,0,0.42684954280964255,0.2912510390689942,0.4553200332502078,0.13528678304239403,0.3271768495428097,36.44,1.2733802262773126,622250.4907247621
43,KID-77,45.13,43.47,0,False,Lawrence,KS,38.9603,-95.2643,95800.0,Douglas,Douglas,1.25,1.684582139593764,1.0807407407407408,0,0,0,13,0.42684954280964255,0.2912510390689942,0.4553200332502078,0.9721529509559435,0.536393391521197,4.869999999999997,1.3316378093336938,621270.2933933972
44,WXJ-33,20.48,43.04,0,False,Taos,NM,36.3868,-105.5802,13799.0,Taos,Taos,1.75,1.6438660425907239,1.12402,0,1,0,0,0.42684954280964255,0.6357024106400665,0.4553200332502078,0.13528678304239403,0.4132896924355777,29.52,1.524734166950992,621095.0958432188
45,WWF-47,42.27,33.31,0,False,Lehi,UT,40.414,-111.8729,61130.0,Utah,Utah,1.125,1.765424047229255,1.0592662337662337,0,0,0,0,0.42684954280964255,0.2912510390689942,0.4553200332502078,0.13528678304239403,0.3271768495428097,7.729999999999997,1.3018277787678427,615159.0592572844
46,KXI-55,38.9,28.33,0,False,Huntsville,TX,30.705,-95.5545,39476.0,Walker,Walker,1.375,1.6295114630725984,1.0992833333333334,0,0,0,1,0.42684954280964255,0.2912510390689942,0.4553200332502078,0.3299044056525353,0.375831255195345,11.100000000000001,1.368475321971056,599643.4430924364
47,VBR-6,41.78,42.94,0,False,Watertown,NY,43.9734,-75.9094,55436.0,Jefferson,Jefferson,1.25,1.5458947851427411,1.0894326050420169,0,0,0,0,0.42684954280964255,0.2912510390689942,0.4553200332502078,0.13528678304239403,0.3271768495428097,8.219999999999999,1.2916391969799255,588579.2125054646
48,KEC-86,37.98,31.25,0,False,Crestview,FL,30.748,-86.5784,36433.0,Okaloosa,Okaloosa,1.125,1.8395878743027925,1.101012765957447,1,0,4,2,0.8633624272651704,0.2912510390689942,0.9670615128844555,0.44305901911886947,0.6411834995843724,12.020000000000003,1.3374925046954582,585720.9503713071
49,KIH-62,20.62,112.16,0,False,Taft,CA,35.1267,-119.4242,15060.0,Kern,Kern,1.125,1.7903604339977026,1.0955922267679719,0,0,0,0,0.42684954280964255,0.2912510390689942,0.4553200332502078,0.13528678304239403,0.3271768495428097,29.38,1.3206777417740538,584350.7715230248
50,WXK-98,36.42,37.54,0,False,Pullman,WA,46.7327,-117.1634,33204.0,Whitman,Whitman,1.375,1.4076641847988172,1.0803666666666667,0,2,0,0,0.42684954280964255,0.7072942643391521,0.4553200332502078,0.13528678304239403,0.43118765586034913,13.579999999999998,1.294394108143226,583655.6615089766
