year,name,iso_time,lat,lon,sshs,wind_kt
1935,Unnamed,1935-09-03 02:00:00,24.8,-80.8,5,160
1935,Unnamed,1935-09-04 22:00:00,29.6,-83.4,2,85
1935,Unnamed,1935-11-04 18:00:00,25.9,-80.1,2,85
1936,Unnamed,1936-06-15 08:00:00,25.9,-81.7,0,40
1936,Unnamed,1936-06-27 16:00:00,27.9,-97.0,1,70
1936,Unnamed,1936-07-27 16:00:00,29.1,-90.2,0,40
1936,Unnamed,1936-07-29 02:00:00,25.3,-80.3,0,55
1936,Unnamed,1936-07-31 14:00:00,30.4,-86.6,2,90
1936,Unnamed,1936-08-21 22:00:00,28.9,-80.8,0,50
1937,Unnamed,1937-07-29 22:00:00,28.1,-82.8,0,55
1937,Unnamed,1937-08-30 14:00:00,29.1,-80.9,0,60
1937,Unnamed,1937-09-19 18:00:00,29.1,-89.3,0,40
1937,Unnamed,1937-09-20 16:00:00,29.7,-85.4,0,35
1937,Unnamed,1937-10-03 12:00:00,29.5,-92.0,0,35
1937,Unnamed,1937-10-03 14:00:00,29.8,-92.0,0,35
1938,Unnamed,1938-08-15 01:00:00,29.8,-93.4,1,65
1938,Unnamed,1938-09-21 20:00:00,40.7,-72.9,3,105
1938,Unnamed,1938-09-21 21:00:00,41.3,-72.9,3,100
1938,Unnamed,1938-10-17 13:00:00,29.3,-94.8,0,40
1939,Unnamed,1939-06-16 13:00:00,30.3,-87.6,0,50
1939,Unnamed,1939-08-11 23:00:00,27.2,-80.2,1,65
1939,Unnamed,1939-08-13 06:00:00,30.4,-86.4,1,65
1939,Unnamed,1939-09-26 08:00:00,29.1,-90.2,0,45
1940,Unnamed,1940-08-07 21:00:00,29.7,-94.1,2,85
1940,Unnamed,1940-08-11 20:00:00,32.1,-80.8,2,85
1940,Unnamed,1940-09-24 09:00:00,29.8,-93.4,0,40
1941,Unnamed,1941-09-23 22:00:00,28.8,-95.6,3,110
1941,Unnamed,1941-10-06 10:00:00,25.5,-80.2,2,85
1941,Unnamed,1941-10-06 11:00:00,25.5,-80.3,2,85
1941,Unnamed,1941-10-07 09:00:00,29.9,-84.6,1,80
1941,Unnamed,1941-10-20 14:00:00,29.1,-83.0,0,40
1942,Unnamed,1942-08-21 13:00:00,29.5,-94.6,1,65
1942,Unnamed,1942-08-30 09:00:00,28.3,-96.6,3,100
1943,Unnamed,1943-07-27 18:00:00,29.5,-94.6,2,90
1943,Unnamed,1943-10-01 00:00:00,37.7,-75.7,0,55
1944,Unnamed,1944-08-01 23:00:00,33.9,-78.1,1,70
1944,Unnamed,1944-09-15 02:00:00,40.9,-72.2,2,90
1944,Unnamed,1944-09-15 04:00:00,41.4,-71.6,2,85
1944,Unnamed,1944-09-10 19:00:00,29.3,-89.4,0,55
1944,Unnamed,1944-09-10 23:00:00,30.3,-88.3,0,50
1944,Unnamed,1944-10-18 21:00:00,24.6,-82.9,3,105
1944,Unnamed,1944-10-19 07:00:00,27.2,-82.5,2,90
1945,Unnamed,1945-06-24 08:00:00,28.6,-82.7,1,70
1945,Unnamed,1945-06-26 01:00:00,34.7,-76.6,1,65
1945,Unnamed,1945-08-27 12:00:00,28.2,-96.7,3,100
1945,Unnamed,1945-09-05 00:00:00,26.5,-82.1,0,35
1945,Unnamed,1945-09-15 19:30:00,25.3,-80.3,4,115
1945,Unnamed,1945-09-15 20:00:00,25.4,-80.4,4,115
1945,Unnamed,1945-09-17 11:00:00,32.1,-80.9,0,60
1946,Unnamed,1946-07-06 08:00:00,33.9,-78.2,0,45
1946,Unnamed,1946-08-25 19:00:00,22.1,-97.8,0,35
1946,Unnamed,1946-09-12 17:00:00,25.0,-78.2,0,55
1946,Unnamed,1946-09-12 23:00:00,25.9,-77.3,1,65
1946,Unnamed,1946-10-07 04:00:00,22.2,-83.9,1,80
1946,Unnamed,1946-10-08 02:00:00,27.5,-82.6,1,75
1946,Unnamed,1946-11-01 03:00:00,23.4,-75.8,0,35
1946,Unnamed,1946-11-01 12:00:00,24.6,-77.8,0,40
1946,Unnamed,1946-11-01 22:00:00,26.6,-80.1,0,40
1947,Unnamed,1947-08-02 00:00:00,25.6,-97.3,0,45
1947,Unnamed,1947-08-15 10:00:00,21.7,-97.5,2,95
1947,Unnamed,1947-08-22 14:00:00,29.1,-90.3,0,40
1947,Unnamed,1947-08-24 22:00:00,29.2,-94.9,1,70
1947,Unnamed,1947-09-16 19:00:00,26.7,-77.1,3,105
1947,Unnamed,1947-09-17 16:30:00,26.1,-80.1,4,115
1947,Unnamed,1947-09-19 14:00:00,29.6,-89.5,2,95
1947,Unnamed,1947-09-08 14:00:00,30.3,-88.2,0,45
1947,Unnamed,1947-09-21 22:00:00,21.6,-82.6,0,45
1947,Unnamed,1947-09-22 03:00:00,22.5,-83.1,0,45
1947,Unnamed,1947-09-23 22:00:00,28.9,-82.7,0,55
1947,Unnamed,1947-10-07 04:00:00,30.8,-81.5,0,50
1947,Unnamed,1947-10-11 07:00:00,22.2,-83.6,0,55
1947,Unnamed,1947-10-12 02:00:00,25.4,-81.2,1,80
1947,Unnamed,1947-10-15 11:00:00,31.8,-80.9,2,90
1948,Unnamed,1948-07-09 07:00:00,30.3,-87.3,0,35
1948,Unnamed,1948-09-04 07:00:00,29.1,-90.5,1,70
1948,Unnamed,1948-09-20 22:00:00,22.3,-82.1,3,110
1948,Unnamed,1948-09-21 01:00:00,22.7,-82.0,3,110
1948,Unnamed,1948-09-21 17:00:00,24.6,-81.6,3,105
1948,Unnamed,1948-09-22 05:00:00,25.8,-81.3,4,115
1948,Unnamed,1948-10-05 07:00:00,22.4,-83.2,3,110
1948,Unnamed,1948-10-05 18:00:00,24.7,-81.2,2,90
1948,Unnamed,1948-10-05 20:00:00,25.1,-80.9,2,90
1948,Unnamed,1948-10-07 22:00:00,32.3,-64.9,2,90
1949,Unnamed,1949-08-26 23:00:00,26.6,-80.0,4,115
1949,Unnamed,1949-09-04 12:00:00,29.3,-90.6,0,50
1949,Unnamed,1949-09-13 08:00:00,34.3,-77.8,0,35
1949,Unnamed,1949-10-04 05:00:00,28.8,-95.6,2,95
1950,Able,1950-08-21 16:00:00,44.6,-63.7,1,65
1950,Baker,1950-08-31 03:00:00,30.2,-88.0,1,75
1950,Baker,1950-08-31 04:00:00,30.7,-87.9,1,75
1950,Easy,1950-09-03 01:00:00,21.5,-82.6,1,70
1950,Easy,1950-09-03 07:00:00,22.7,-82.3,1,80
1950,Easy,1950-09-05 17:00:00,29.1,-82.8,3,105
1950,Easy,1950-09-06 04:00:00,28.5,-82.7,2,90
1950,King,1950-10-16 22:00:00,20.9,-78.3,1,80
1950,King,1950-10-18 05:00:00,25.7,-80.2,4,115
1950,Love,1950-10-21 11:00:00,29.7,-83.4,0,50
1951,Able,1951-05-18 12:00:00,27.0,-77.9,1,75
1951,Charlie,1951-08-20 02:00:00,20.3,-87.0,4,115
1951,Charlie,1951-08-20 03:00:00,20.4,-87.3,4,115
1951,Charlie,1951-08-22 19:00:00,22.3,-97.8,3,100
1951,George,1951-09-21 14:00:00,21.6,-97.4,0,50
1951,How,1951-10-02 10:00:00,26.7,-82.3,0,55
1952,Able,1952-08-31 03:00:00,32.3,-80.6,2,85
1952,Unnamed,1952-08-28 03:00:00,33.7,-78.7,0,45
1952,Fox,1952-10-24 18:00:00,22.0,-80.9,4,125
1952,Fox,1952-10-25 19:00:00,24.4,-78.3,0,60
1952,Fox,1952-10-26 10:00:00,24.7,-76.2,1,75
1952,Fox,1952-10-26 15:00:00,24.5,-75.6,1,75
1953,Alice,1953-05-31 13:00:00,21.9,-84.3,0,45
1953,Alice,1953-06-06 17:00:00,30.3,-85.9,0,40
1953,Barbara,1953-08-14 03:00:00,35.0,-76.1,1,80
1953,Barbara,1953-08-14 05:00:00,35.4,-76.1,1,75
1953,Barbara,1953-08-14 09:00:00,36.1,-75.9,1,70
1953,Carol,1953-09-07 20:00:00,44.2,-66.4,1,75
1953,Carol,1953-09-07 22:00:00,45.3,-65.8,1,70
1953,Dolly,1953-09-12 05:00:00,32.3,-64.8,0,55
1953,Unnamed,1953-09-20 17:00:00,29.0,-82.8,0,35
1953,Florence,1953-09-26 15:00:00,30.3,-86.2,1,80
1953,Hazel,1953-10-09 15:00:00,26.7,-82.2,1,75
1953,Hazel,1953-10-09 16:00:00,26.7,-82.1,1,75
1954,Alice,1954-06-25 14:00:00,25.0,-97.6,2,95
1954,Barbara,1954-07-29 10:00:00,29.7,-92.8,0,50
1954,Carol,1954-08-31 14:00:00,40.9,-72.2,3,100
1954,Carol,1954-08-31 15:00:00,41.3,-72.0,3,100
1954,Edna,1954-09-11 18:30:00,41.4,-70.5,2,95
1954,Edna,1954-09-11 19:00:00,41.7,-70.3,2,95
1954,Edna,1954-09-11 19:30:00,41.9,-70.1,2,90
1954,Florence,1954-09-12 11:00:00,20.4,-96.8,0,55
1954,Hazel,1954-10-13 14:00:00,21.0,-73.1,2,85
1954,Hazel,1954-10-15 15:30:00,33.9,-78.6,4,115
1955,Brenda,1955-08-01 17:00:00,29.7,-89.4,0,55
1955,Connie,1955-08-12 15:00:00,34.7,-76.7,2,85
1955,Diane,1955-08-17 12:00:00,34.0,-77.9,0,60
1955,Unnamed,1955-08-27 04:00:00,30.0,-89.2,0,45
1955,Gladys,1955-09-05 22:00:00,23.1,-97.8,1,65
1955,Ione,1955-09-19 11:00:00,34.7,-76.7,2,90
1955,Hilda,1955-09-13 21:00:00,20.2,-74.2,1,70
1955,Hilda,1955-09-19 11:00:00,22.3,-97.9,3,105
1956,Unnamed,1956-06-13 17:00:00,29.1,-90.7,0,50
1956,Anna,1956-07-26 21:00:00,21.7,-97.5,1,75
1956,Dora,1956-09-12 18:00:00,20.9,-97.3,0,50
1956,Flossy,1956-09-24 10:00:00,29.1,-89.4,1,75
1956,Flossy,1956-09-25 00:00:00,30.4,-86.4,1,80
1956,Unnamed,1956-10-15 21:00:00,25.2,-80.6,0,50
1957,Unnamed,1957-06-09 00:30:00,30.1,-84.2,0,45
1957,Audrey,1957-06-27 13:30:00,29.8,-93.7,3,110
1957,Bertha,1957-08-10 06:00:00,29.7,-93.9,0,55
1957,Debbie,1957-09-08 17:00:00,30.3,-86.1,0,35
1957,Esther,1957-09-18 12:00:00,29.2,-90.9,0,55
1958,Alma,1958-06-15 08:00:00,24.9,-97.6,0,55
1958,Ella,1958-09-03 11:00:00,21.8,-82.7,0,55
1958,Ella,1958-09-03 17:00:00,22.1,-84.0,0,60
1958,Ella,1958-09-06 08:00:00,27.5,-97.2,0,50
1958,Gerda,1958-09-20 08:00:00,24.5,-97.7,0,40
1958,Janice,1958-10-06 03:00:00,22.0,-80.3,0,50
1958,Janice,1958-10-06 16:00:00,24.2,-78.0,0,55
1958,Janice,1958-10-06 21:00:00,25.1,-77.1,0,60
1958,Janice,1958-10-06 23:00:00,25.5,-76.8,0,60
1959,Arlene,1959-05-30 22:00:00,29.6,-91.6,0,55
1959,Unnamed,1959-06-18 08:00:00,28.0,-82.8,0,40
1959,Cindy,1959-07-09 04:00:00,33.0,-79.6,1,65
1959,Cindy,1959-07-11 12:00:00,41.7,-70.7,0,50
1959,Debra,1959-07-25 05:00:00,29.1,-95.2,1,75
1959,Gracie,1959-09-29 17:00:00,32.5,-80.4,4,115
1959,Irene,1959-10-08 10:00:00,30.3,-87.6,0,40
1959,Judith,1959-10-18 14:00:00,26.7,-82.3,0,55
1960,Unnamed,1960-06-24 04:00:00,26.9,-97.4,0,50
1960,Brenda,1960-07-29 06:00:00,29.7,-83.5,0,35
1960,Brenda,1960-07-29 21:00:00,33.9,-78.2,0,60
1960,Donna,1960-09-08 06:00:00,22.2,-74.3,3,105
1960,Donna,1960-09-08 16:00:00,22.4,-75.8,3,105
1960,Donna,1960-09-10 07:00:00,24.8,-80.9,4,125
1960,Donna,1960-09-10 16:00:00,25.9,-81.6,3,105
1960,Donna,1960-09-12 04:00:00,34.6,-77.3,2,90
1960,Donna,1960-09-12 19:00:00,40.7,-72.9,2,85
1960,Donna,1960-09-12 20:00:00,41.3,-72.4,1,80
1960,Ethel,1960-09-15 21:00:00,30.4,-89.0,1,70
1960,Florence,1960-09-19 09:00:00,21.1,-73.1,0,35
1961,Carla,1961-09-11 20:00:00,28.3,-96.4,4,125
1961,Esther,1961-09-26 05:00:00,41.3,-70.3,0,50
1961,Esther,1961-09-26 06:00:00,41.7,-70.2,0,50
1961,Esther,1961-09-26 11:00:00,43.8,-69.9,0,35
1961,Unnamed,1961-09-14 12:00:00,34.4,-77.6,0,40
1961,Unnamed,1961-09-14 21:00:00,37.1,-76.0,0,45
1961,Unnamed,1961-09-15 06:00:00,40.7,-73.2,0,55
1961,Unnamed,1961-09-15 07:00:00,41.3,-72.7,0,55
1962,Unnamed,1962-06-30 21:00:00,35.2,-75.8,0,55
1963,Unnamed,1963-06-03 08:00:00,35.2,-75.8,0,50
1963,Arlene,1963-08-09 15:30:00,32.3,-64.8,2,95
1963,Cindy,1963-09-17 14:00:00,29.6,-94.3,0,55
1963,Edith,1963-09-28 18:00:00,21.8,-72.2,0,35
1963,Flora,1963-10-07 00:00:00,20.7,-78.1,2,85
1963,Flora,1963-10-10 06:00:00,26.9,-66.5,2,95
1963,Ginny,1963-10-29 17:30:00,43.8,-65.8,2,90
1964,Abby,1964-08-07 20:30:00,28.8,-95.6,0,60
1964,Brenda,1964-08-08 13:00:00,32.3,-64.8,0,45
1964,Cleo,1964-08-26 07:00:00,21.6,-79.0,1,70
1964,Cleo,1964-08-27 08:00:00,25.8,-80.1,2,95
1964,Cleo,1964-08-29 04:00:00,31.2,-81.3,0,50
1964,Dora,1964-09-10 06:00:00,29.9,-81.3,2,95
1964,Hilda,1964-09-29 11:00:00,21.9,-84.0,0,35
1964,Hilda,1964-10-03 23:00:00,29.5,-91.5,2,90
1964,Isbell,1964-10-13 19:00:00,21.7,-84.5,2,85
1964,Isbell,1964-10-14 21:00:00,25.8,-81.4,2,90
1964,Isbell,1964-10-16 13:00:00,34.7,-76.7,0,60
1965,Unnamed,1965-06-15 11:00:00,30.4,-86.9,0,50
1965,Betsy,1965-09-07 20:00:00,25.3,-78.1,3,105
1965,Betsy,1965-09-08 11:00:00,25.0,-80.5,3,100
1965,Betsy,1965-09-10 04:00:00,29.2,-90.1,4,115
1965,Debbie,1965-09-29 20:00:00,29.1,-90.2,0,35
1965,Unnamed,1965-10-18 15:00:00,29.4,-81.1,0,55
1966,Alma,1966-06-08 08:00:00,21.5,-82.9,2,85
1966,Alma,1966-06-08 12:00:00,22.7,-82.7,2,90
1966,Alma,1966-06-09 21:00:00,30.1,-84.2,1,75
1966,Unnamed,1966-06-29 14:00:00,22.7,-82.5,0,35
1966,Unnamed,1966-07-01 22:00:00,29.3,-83.1,0,40
1966,Inez,1966-10-01 15:00:00,21.6,-79.5,1,65
1966,Inez,1966-10-04 18:00:00,25.0,-80.5,2,85
1966,Inez,1966-10-04 23:00:00,24.7,-81.3,2,85
1966,Inez,1966-10-05 02:00:00,24.6,-81.8,2,85
1966,Inez,1966-10-10 12:00:00,22.8,-97.8,3,100
1967,Unnamed,1967-06-18 02:00:00,33.9,-78.3,0,35
1967,Doria,1967-09-17 00:00:00,36.5,-75.9,0,50
1967,Beulah,1967-09-17 03:00:00,20.5,-86.8,3,110
1967,Beulah,1967-09-17 05:00:00,20.5,-87.3,3,110
1967,Beulah,1967-09-20 12:00:00,25.9,-97.2,3,110
1967,Fern,1967-10-04 08:00:00,22.6,-97.9,0,50
1968,Abby,1968-06-02 23:00:00,21.9,-84.5,0,45
1968,Abby,1968-06-04 12:00:00,26.7,-82.3,0,55
1968,Abby,1968-06-06 22:00:00,30.4,-81.4,0,55
1968,Candy,1968-06-23 22:30:00,27.8,-97.1,0,60
1968,Unnamed,1968-09-11 10:00:00,40.6,-73.3,0,55
1968,Gladys,1968-10-16 15:00:00,22.2,-83.4,0,55
1968,Gladys,1968-10-19 04:00:00,28.7,-82.7,2,85
1969,Camille,1969-08-15 22:00:00,21.9,-84.3,2,95
1969,Camille,1969-08-18 04:00:00,30.3,-89.4,5,150
1969,Gerda,1969-09-10 01:00:00,44.7,-67.3,1,70
1969,Unnamed,1969-10-01 16:00:00,30.4,-86.8,-2,40
1969,Jenny,1969-10-02 21:00:00,26.1,-81.8,0,40
1970,Becky,1970-07-22 10:00:00,29.7,-85.3,0,40
1970,Celia,1970-08-01 00:00:00,21.9,-84.3,0,35
1970,Celia,1970-08-03 21:00:00,27.8,-97.1,4,120
1970,Unnamed,1970-08-17 11:00:00,34.7,-76.7,0,50
1970,Unnamed,1970-08-17 17:00:00,35.6,-75.5,0,55
1970,Ella,1970-09-10 09:30:00,20.5,-87.3,0,40
1970,Ella,1970-09-12 10:00:00,23.9,-97.7,3,110
1970,Felice,1970-09-16 02:00:00,29.5,-94.5,0,60
1983,Alicia,1983-08-18 07:00:00,29.1,-95.1,3,100
1983,Barry,1983-08-25 11:00:00,27.9,-80.6,-1,30
1983,Barry,1983-08-28 17:25:00,25.4,-97.4,1,70
1984,Diana,1984-09-13 07:00:00,33.9,-78.0,1,80
1985,Bob,1985-07-25 03:00:00,32.2,-80.5,1,65
1985,Danny,1985-08-15 16:30:00,29.6,-92.7,1,80
1985,Elena,1985-09-02 13:00:00,30.4,-89.2,3,100
1985,Gloria,1985-09-27 05:30:00,35.2,-75.6,2,90
1985,Gloria,1985-09-27 16:00:00,40.6,-73.3,1,75
1985,Henri,1985-09-24 21:00:00,40.8,-72.5,0,35
1985,Henri,1985-09-25 00:00:00,41.3,-71.8,-1,30
1985,Isabel,1985-10-10 21:00:00,30.6,-81.4,0,35
1985,Juan,1985-10-29 11:00:00,29.5,-91.4,1,65
1985,Kate,1985-11-21 22:30:00,30.0,-85.4,2,85
1986,Bonnie,1986-06-26 10:00:00,29.6,-94.2,1,75
1986,Charley,1986-08-17 14:00:00,34.7,-76.5,1,65
1987,Unnamed,1987-08-10 06:00:00,29.5,-94.5,0,40
1987,Emily,1987-09-25 11:45:00,32.3,-64.7,1,75
1987,Floyd,1987-10-12 21:00:00,25.1,-80.5,1,65
1988,Chris,1988-08-28 15:00:00,32.0,-80.9,0,40
1988,Debby,1988-09-03 00:00:00,20.7,-97.3,1,65
1988,Florence,1988-09-10 02:00:00,29.1,-89.3,1,70
1988,Gilbert,1988-09-14 15:00:00,20.7,-87.0,5,140
1988,Gilbert,1988-09-16 22:00:00,24.2,-97.8,3,110
1988,Keith,1988-11-21 08:00:00,21.2,-86.8,0,60
1988,Keith,1988-11-23 07:00:00,27.3,-82.6,0,55
1989,Allison,1989-06-26 13:00:00,28.7,-95.7,0,40
1989,Chantal,1989-08-01 13:00:00,29.6,-94.4,1,70
1989,Hugo,1989-09-22 04:00:00,32.8,-79.8,4,120
1989,Jerry,1989-10-16 00:30:00,29.2,-95.0,1,75
1990,Diana,1990-08-07 19:00:00,20.9,-97.0,2,85
1991,Bob,1991-08-19 17:20:00,41.2,-71.6,2,90
1991,Bob,1991-08-19 18:00:00,41.4,-71.4,2,85
1991,Bob,1991-08-20 01:30:00,44.1,-69.1,0,60
1991,Fabian,1991-10-15 21:00:00,21.5,-82.8,0,40
1991,Fabian,1991-10-16 00:00:00,22.4,-81.8,0,40
1991,Unnamed,1991-11-02 14:00:00,44.6,-63.5,0,45
1992,Andrew,1992-08-23 21:00:00,25.4,-76.6,5,140
1992,Andrew,1992-08-24 01:00:00,25.4,-77.8,4,130
1992,Andrew,1992-08-24 08:40:00,25.5,-80.2,5,145
1992,Andrew,1992-08-24 09:05:00,25.5,-80.3,5,145
1992,Andrew,1992-08-26 08:30:00,29.6,-91.5,3,100
1992,Danielle,1992-09-25 22:00:00,37.8,-75.5,0,55
1993,Arlene,1993-06-20 09:00:00,27.1,-97.4,0,35
1993,Gert,1993-09-20 21:00:00,21.2,-97.5,2,85
1994,Alberto,1994-07-03 15:00:00,30.4,-86.5,0,55
1994,Unnamed,1994-07-20 14:00:00,33.2,-79.2,-1,30
1994,Beryl,1994-08-16 00:00:00,30.0,-85.6,0,50
1994,Unnamed,1994-08-31 06:00:00,22.4,-98.0,-1,30
1994,Gordon,1994-11-15 13:00:00,24.6,-81.7,0,45
1994,Gordon,1994-11-16 13:00:00,26.5,-81.9,0,45
1994,Gordon,1994-11-21 03:00:00,28.5,-80.6,-1,25
1995,Allison,1995-06-05 14:00:00,29.9,-84.4,0,60
1995,Allison,1995-06-05 15:00:00,30.1,-84.2,0,55
1995,Barry,1995-07-09 21:30:00,45.3,-61.0,0,50
1995,Barry,1995-07-09 22:00:00,45.6,-60.8,0,45
1995,Dean,1995-07-31 02:00:00,29.2,-95.3,0,40
1995,Erin,1995-08-02 06:15:00,27.7,-80.3,1,75
1995,Erin,1995-08-03 16:00:00,30.3,-87.2,1,75
1995,Unnamed,1995-08-06 23:00:00,21.5,-97.4,-1,30
1995,Gabrielle,1995-08-11 20:00:00,23.7,-97.8,0,60
1995,Jerry,1995-08-23 18:00:00,27.0,-80.2,0,35
1995,Opal,1995-10-04 22:00:00,30.3,-87.1,3,100
1996,Arthur,1996-06-20 00:00:00,34.7,-76.4,0,35
1996,Bertha,1996-07-12 20:00:00,34.3,-77.8,2,90
1996,Dolly,1996-08-23 12:00:00,21.6,-97.7,1,70
1996,Fran,1996-09-06 00:30:00,33.9,-78.0,3,100
1996,Hortense,1996-09-15 03:00:00,44.8,-62.5,1,70
1996,Josephine,1996-10-08 03:30:00,30.0,-83.9,0,60
1996,Lili,1996-10-18 09:30:00,22.3,-82.0,2,85
1997,Danny,1997-07-18 09:00:00,29.3,-89.7,1,65
1997,Danny,1997-07-19 10:00:00,30.2,-88.1,1,70
1997,Danny,1997-07-19 18:00:00,30.4,-87.9,1,65
1998,Bonnie,1998-08-27 04:00:00,34.4,-77.7,2,95
1998,Charley,1998-08-22 10:00:00,27.8,-97.1,0,40
1998,Earl,1998-09-03 06:00:00,30.1,-85.7,1,70
1998,Frances,1998-09-11 06:00:00,28.2,-96.9,0,45
1998,Georges,1998-09-23 21:30:00,20.1,-74.5,1,65
1998,Georges,1998-09-25 15:30:00,24.5,-81.8,2,90
1998,Georges,1998-09-28 11:30:00,30.4,-88.9,2,90
1998,Hermine,1998-09-20 05:00:00,29.1,-90.9,0,35
1998,Mitch,1998-11-04 02:00:00,20.1,-90.5,0,35
1998,Mitch,1998-11-05 11:00:00,26.2,-81.9,0,55
1999,Unnamed,1999-07-03 04:00:00,20.5,-97.0,-1,30
1999,Bret,1999-08-23 00:00:00,26.9,-97.4,3,100
1999,Dennis,1999-08-28 07:00:00,26.6,-76.8,1,75
1999,Dennis,1999-09-04 21:00:00,34.8,-76.5,0,60
1999,Unnamed,1999-09-06 12:00:00,23.2,-97.7,-1,30
1999,Floyd,1999-09-14 12:00:00,25.4,-76.3,3,105
1999,Floyd,1999-09-14 19:00:00,26.3,-77.1,3,110
1999,Floyd,1999-09-16 06:30:00,33.8,-78.0,2,90
1999,Harvey,1999-09-21 17:00:00,25.9,-81.7,0,50
1999,Irene,1999-10-14 12:00:00,21.3,-82.9,0,60
1999,Irene,1999-10-14 19:00:00,22.7,-82.5,0,60
1999,Irene,1999-10-15 13:00:00,24.6,-81.6,1,65
1999,Irene,1999-10-15 20:00:00,25.3,-81.1,1,70
2000,Unnamed,2000-09-09 10:00:00,29.9,-93.9,-1,25
2000,Gordon,2000-09-18 03:00:00,29.3,-83.2,0,55
2000,Helene,2000-09-22 12:00:00,30.5,-86.6,0,35
2000,Keith,2000-10-05 18:00:00,22.6,-97.9,1,80
2001,Allison,2001-06-05 21:00:00,28.9,-95.3,0,45
2001,Allison,2001-06-11 02:00:00,29.6,-91.6,-2,30
2001,Barry,2001-08-06 05:00:00,30.4,-86.3,0,60
2001,Gabrielle,2001-09-14 12:00:00,27.1,-82.6,0,60
2001,Karen,2001-10-15 12:00:00,44.2,-64.8,0,40
2001,Michelle,2001-11-04 18:00:00,21.5,-81.8,4,120
2001,Michelle,2001-11-04 23:00:00,22.1,-81.2,4,115
2001,Michelle,2001-11-05 12:00:00,24.3,-78.0,1,80
2001,Michelle,2001-11-05 18:00:00,25.4,-76.4,1,75
2002,Bertha,2002-08-05 02:00:00,29.4,-89.3,0,35
2002,Bertha,2002-08-09 08:00:00,27.3,-97.4,-1,20
2002,Edouard,2002-09-05 00:45:00,29.4,-81.1,0,35
2002,Fay,2002-09-07 09:00:00,28.5,-96.3,0,50
2002,Gustav,2002-09-12 04:30:00,45.6,-60.4,1,80
2002,Hanna,2002-09-14 08:00:00,29.1,-89.1,0,50
2002,Hanna,2002-09-14 15:00:00,30.4,-88.4,0,50
2002,Isidore,2002-09-20 21:00:00,22.0,-84.1,1,75
2002,Isidore,2002-09-22 21:00:00,21.3,-89.3,3,110
2002,Isidore,2002-09-26 06:00:00,29.1,-90.3,0,55
2002,Kyle,2002-10-11 17:00:00,33.0,-79.5,0,35
2002,Kyle,2002-10-11 22:00:00,33.9,-78.4,0,35
2002,Lili,2002-10-01 11:00:00,21.3,-83.0,2,90
2002,Lili,2002-10-01 14:00:00,22.1,-84.0,2,90
2002,Lili,2002-10-03 13:00:00,29.5,-92.2,1,80
2002,Unnamed,2002-10-16 16:00:00,22.0,-80.7,-1,25
2003,Bill,2003-06-30 19:00:00,29.3,-91.0,0,50
2003,Claudette,2003-07-11 10:00:00,20.8,-86.9,0,50
2003,Claudette,2003-07-15 15:30:00,28.3,-96.2,1,80
2003,Unnamed,2003-07-26 06:00:00,31.5,-81.3,-1,25
2003,Erika,2003-08-16 10:30:00,25.3,-97.4,1,65
2003,Grace,2003-08-31 11:00:00,29.0,-95.1,0,35
2003,Henri,2003-09-06 09:00:00,27.9,-82.8,-1,30
2003,Isabel,2003-09-18 17:00:00,34.9,-76.2,2,90
2003,Juan,2003-09-29 03:00:00,44.4,-63.8,2,85
2004,Bonnie,2004-08-12 14:00:00,29.6,-85.1,0,40
2004,Charley,2004-08-13 04:30:00,22.7,-82.6,3,105
2004,Charley,2004-08-13 19:45:00,26.6,-82.2,4,130
2004,Charley,2004-08-13 20:45:00,26.9,-82.1,4,125
2004,Charley,2004-08-14 14:00:00,33.0,-79.4,1,70
2004,Charley,2004-08-14 16:00:00,33.8,-78.7,1,65
2004,Frances,2004-09-02 19:30:00,24.0,-74.5,3,110
2004,Frances,2004-09-03 05:30:00,24.6,-75.6,3,100
2004,Frances,2004-09-03 10:00:00,25.1,-76.1,2,95
2004,Frances,2004-09-04 10:00:00,26.6,-78.2,2,90
2004,Frances,2004-09-05 04:30:00,27.2,-80.2,2,90
2004,Frances,2004-09-06 18:00:00,30.1,-84.0,0,50
2004,Hermine,2004-08-31 06:00:00,41.5,-70.9,0,35
2004,Gaston,2004-08-29 14:00:00,33.0,-79.6,1,65
2004,Ivan,2004-09-16 06:50:00,30.2,-87.9,3,105
2004,Ivan,2004-09-24 02:00:00,29.8,-93.6,-1,30
2004,Jeanne,2004-09-25 14:00:00,26.7,-77.3,3,100
2004,Jeanne,2004-09-26 04:00:00,27.2,-80.2,3,105
2004,Matthew,2004-10-10 11:00:00,29.2,-91.0,0,35
2005,Arlene,2005-06-10 08:00:00,21.8,-84.5,0,45
2005,Arlene,2005-06-11 19:00:00,30.3,-87.5,0,50
2005,Bret,2005-06-29 12:00:00,20.8,-97.3,0,35
2005,Cindy,2005-07-06 03:00:00,29.2,-90.1,1,65
2005,Cindy,2005-07-06 09:00:00,30.2,-89.5,0,45
2005,Dennis,2005-07-08 18:45:00,22.1,-80.7,4,120
2005,Dennis,2005-07-10 19:30:00,30.4,-87.1,3,105
2005,Emily,2005-07-18 06:30:00,20.3,-87.4,4,115
2005,Emily,2005-07-20 12:00:00,24.8,-97.6,3,110
2005,Gert,2005-07-25 00:00:00,21.8,-97.6,0,40
2005,Katrina,2005-08-25 22:30:00,26.0,-80.1,1,70
2005,Katrina,2005-08-29 11:10:00,29.3,-89.6,3,110
2005,Katrina,2005-08-29 14:45:00,30.2,-89.6,3,105
2005,Ophelia,2005-09-06 16:00:00,26.6,-78.3,-1,25
2005,Rita,2005-09-24 07:40:00,29.7,-93.7,3,100
2005,Tammy,2005-10-05 23:00:00,30.4,-81.4,0,45
2005,Wilma,2005-10-21 21:45:00,20.6,-86.8,4,130
2005,Wilma,2005-10-22 03:30:00,20.8,-86.9,4,115
2005,Wilma,2005-10-24 10:30:00,25.9,-81.7,3,105
2006,Alberto,2006-06-13 16:30:00,29.9,-83.7,0,40
2006,Beryl,2006-07-21 06:45:00,41.3,-70.1,0,45
2006,Ernesto,2006-08-30 03:00:00,24.9,-80.6,0,40
2006,Ernesto,2006-08-30 05:00:00,25.2,-80.7,0,40
2006,Ernesto,2006-09-01 03:40:00,33.9,-78.1,0,60
2007,Barry,2007-06-02 14:00:00,27.5,-82.7,-1,30
2007,Dean,2007-08-22 16:30:00,20.5,-97.0,2,85
2007,Erin,2007-08-16 10:30:00,28.0,-96.9,-1,30
2007,Gabrielle,2007-09-09 15:30:00,34.8,-76.4,0,50
2007,Humberto,2007-09-13 07:00:00,29.6,-94.3,1,80
2007,Unnamed,2007-09-22 00:00:00,30.4,-86.7,-1,25
2007,Lorenzo,2007-09-28 05:00:00,20.5,-97.0,1,65
2007,Noel,2007-10-30 06:00:00,21.1,-75.8,0,50
2007,Noel,2007-11-01 13:15:00,24.1,-77.9,0,50
2007,Noel,2007-11-01 17:45:00,25.0,-77.4,0,55
2008,Dolly,2008-07-21 05:30:00,20.8,-87.0,0,45
2008,Dolly,2008-07-23 18:20:00,26.4,-97.2,1,75
2008,Dolly,2008-07-23 20:00:00,26.4,-97.4,1,70
2008,Edouard,2008-08-05 12:00:00,29.6,-94.2,0,55
2008,Fay,2008-08-18 07:00:00,22.1,-80.8,0,45
2008,Fay,2008-08-18 20:30:00,24.5,-81.8,0,50
2008,Fay,2008-08-19 08:45:00,25.9,-81.6,0,55
2008,Fay,2008-08-21 19:00:00,29.3,-81.1,0,55
2008,Fay,2008-08-23 06:15:00,29.8,-84.7,0,45
2008,Gustav,2008-08-30 18:00:00,21.6,-82.5,4,125
2008,Gustav,2008-08-30 22:00:00,22.4,-83.1,4,135
2008,Gustav,2008-09-01 15:00:00,29.2,-90.7,2,90
2008,Hanna,2008-09-02 00:00:00,21.8,-72.3,1,75
2008,Hanna,2008-09-03 19:00:00,21.7,-71.8,0,50
2008,Hanna,2008-09-06 07:00:00,33.8,-78.7,0,60
2008,Ike,2008-09-07 13:00:00,21.0,-73.2,3,110
2008,Ike,2008-09-08 02:00:00,21.1,-75.7,4,115
2008,Ike,2008-09-09 14:00:00,22.6,-82.9,1,70
2008,Ike,2008-09-13 07:00:00,29.3,-94.7,2,95
2008,Kyle,2008-09-29 00:00:00,43.8,-66.2,1,65
2008,Paloma,2008-11-09 01:00:00,20.7,-78.0,2,85
2009,Claudette,2009-08-17 05:30:00,30.4,-86.5,0,40
2010,Alex,2010-07-01 02:00:00,24.2,-97.7,2,95
2010,Unnamed,2010-07-08 14:00:00,26.1,-97.1,-1,30
2010,Bonnie,2010-07-22 23:15:00,23.0,-75.7,0,35
2010,Bonnie,2010-07-23 05:15:00,23.7,-77.5,0,40
2010,Bonnie,2010-07-23 14:30:00,25.4,-80.2,0,35
2010,Earl,2010-09-04 15:00:00,44.3,-64.5,1,65
2010,Earl,2010-09-04 19:00:00,46.0,-62.7,0,60
2010,Hermine,2010-09-07 02:00:00,25.3,-97.4,0,60
2010,Paula,2010-10-14 15:00:00,22.7,-83.9,0,55
2010,Tomas,2010-11-06 07:30:00,21.7,-71.6,0,60
2011,Arlene,2011-06-30 13:00:00,21.6,-97.4,0,55
2011,Don,2011-07-30 02:30:00,27.3,-97.4,-1,30
2011,Irene,2011-08-24 16:00:00,22.4,-74.0,3,100
2011,Irene,2011-08-25 00:00:00,23.5,-75.1,2,95
2011,Irene,2011-08-25 09:00:00,24.7,-76.2,2,90
2011,Irene,2011-08-25 18:00:00,26.5,-77.2,2,90
2011,Irene,2011-08-27 12:00:00,34.7,-76.6,1,75
2011,Irene,2011-08-28 09:35:00,39.4,-74.4,0,60
2011,Irene,2011-08-28 13:00:00,40.6,-74.0,0,55
2011,Lee,2011-09-04 10:30:00,29.6,-92.1,-2,40
2011,Nate,2011-09-11 16:00:00,20.5,-97.0,0,40
2011,Rina,2011-10-28 02:00:00,20.5,-87.2,0,50
2012,Beryl,2012-05-28 04:10:00,30.2,-81.4,0,55
2012,Debby,2012-06-26 21:00:00,29.3,-83.2,0,35
2012,Helene,2012-08-18 12:00:00,21.9,-97.7,-1,30
2012,Isaac,2012-08-25 15:00:00,20.1,-74.5,0,50
2012,Isaac,2012-08-29 00:00:00,28.9,-89.4,1,70
2012,Isaac,2012-08-29 08:00:00,29.2,-90.2,1,70
2012,Sandy,2012-10-29 23:30:00,39.4,-74.4,-4,70
2013,Andrea,2013-06-06 22:00:00,29.5,-83.4,0,50
2013,Unnamed,2013-09-06 18:00:00,22.3,-97.9,-1,30
2013,Ingrid,2013-09-16 11:15:00,23.7,-97.7,0,55
2014,Arthur,2014-07-04 03:15:00,34.7,-76.6,2,85
2014,Arthur,2014-07-04 08:00:00,35.8,-75.5,2,85
2014,Bertha,2014-08-03 14:00:00,21.8,-71.9,0,40
2014,Dolly,2014-09-03 04:00:00,22.0,-97.7,0,40
2014,Fay,2014-10-12 08:10:00,32.3,-64.7,1,70
2014,Gonzalo,2014-10-18 00:30:00,32.3,-64.8,2,95
2015,Ana,2015-05-10 10:00:00,33.8,-78.8,0,40
2015,Bill,2015-06-16 16:45:00,28.2,-96.7,0,50
2015,Joaquin,2015-10-01 12:00:00,23.1,-73.7,4,115
2015,Joaquin,2015-10-02 16:00:00,23.6,-74.8,3,110
2015,Joaquin,2015-10-02 21:00:00,24.1,-74.5,3,110
2016,Bonnie,2016-05-29 12:30:00,32.8,-79.8,-1,30
2016,Colin,2016-06-07 02:00:00,29.8,-83.6,0,45
2016,Danielle,2016-06-20 22:00:00,21.2,-97.4,0,35
2016,Hermine,2016-09-02 05:30:00,30.1,-84.1,1,70
2016,Julia,2016-09-13 06:00:00,27.3,-80.2,-1,30
2016,Matthew,2016-10-05 00:00:00,20.1,-74.3,4,115
2016,Matthew,2016-10-07 00:00:00,26.7,-79.0,4,115
2016,Matthew,2016-10-08 15:00:00,33.0,-79.5,1,75
2017,Cindy,2017-06-22 07:00:00,29.8,-93.7,0,45
2017,Emily,2017-07-31 14:45:00,27.5,-82.7,0,50
2017,Harvey,2017-08-26 03:00:00,28.0,-96.9,4,115
2017,Harvey,2017-08-26 06:00:00,28.2,-97.1,3,105
2017,Harvey,2017-08-30 08:00:00,29.8,-93.5,0,40
2017,Irma,2017-09-08 05:00:00,21.5,-73.0,4,135
2017,Irma,2017-09-09 03:00:00,22.3,-77.9,5,145
2017,Irma,2017-09-10 13:00:00,24.7,-81.5,4,115
2017,Irma,2017-09-10 19:30:00,25.9,-81.7,3,100
2017,Katia,2017-09-09 03:00:00,20.6,-97.1,1,65
2017,Nate,2017-10-08 00:00:00,29.1,-89.2,1,75
2017,Nate,2017-10-08 05:20:00,30.4,-89.0,1,65
2017,Philippe,2017-10-28 22:00:00,22.2,-81.6,0,35
2018,Alberto,2018-05-28 21:00:00,30.3,-86.0,0,40
2018,Florence,2018-09-14 11:15:00,34.2,-77.8,1,80
2018,Gordon,2018-09-03 11:15:00,25.0,-80.5,0,45
2018,Gordon,2018-09-03 13:15:00,25.2,-80.9,0,45
2018,Gordon,2018-09-05 03:15:00,30.4,-88.5,0,60
2018,Michael,2018-10-10 17:30:00,30.0,-85.5,5,140
2019,Barry,2019-07-13 15:00:00,29.6,-92.2,1,65
2019,Dorian,2019-09-01 16:40:00,26.5,-77.0,5,160
2019,Dorian,2019-09-02 02:15:00,26.6,-77.8,5,155
2019,Dorian,2019-09-06 12:30:00,35.2,-75.6,2,85
2019,Fernand,2019-09-04 15:30:00,24.2,-97.7,0,40
2019,Imelda,2019-09-17 17:45:00,28.9,-95.4,0,40
2020,Bertha,2020-05-27 13:30:00,32.9,-79.7,0,45
2020,Cristobal,2020-06-07 22:00:00,29.3,-89.8,0,45
2020,Fay,2020-07-10 20:00:00,39.4,-74.4,0,45
2020,Hanna,2020-07-25 22:00:00,26.8,-97.3,1,80
2020,Hanna,2020-07-25 23:15:00,26.7,-97.5,1,80
2020,Isaias,2020-07-31 09:00:00,20.9,-73.4,1,70
2020,Isaias,2020-08-01 13:00:00,24.4,-77.7,1,70
2020,Isaias,2020-08-04 03:10:00,33.9,-78.5,1,80
2020,Laura,2020-08-25 00:00:00,22.3,-83.3,0,55
2020,Laura,2020-08-27 06:00:00,29.8,-93.3,4,130
2020,Paulette,2020-09-14 08:50:00,32.3,-64.7,2,85
2020,Sally,2020-09-12 06:00:00,25.6,-80.2,-1,30
2020,Sally,2020-09-16 09:45:00,30.3,-87.7,2,95
2020,Beta,2020-09-22 02:45:00,28.4,-96.4,0,45
2020,Gamma,2020-10-03 16:45:00,20.2,-87.4,1,65
2020,Gamma,2020-10-06 03:00:00,21.6,-88.4,-1,30
2020,Delta,2020-10-07 10:30:00,20.8,-86.9,2,90
2020,Delta,2020-10-09 23:00:00,29.8,-93.1,2,85
2020,Zeta,2020-10-27 03:55:00,20.4,-87.4,1,75
2020,Zeta,2020-10-28 21:00:00,29.2,-90.6,3,100
2020,Eta,2020-11-08 08:55:00,21.5,-79.2,0,55
2020,Eta,2020-11-09 04:00:00,24.9,-80.7,0,55
2020,Eta,2020-11-12 09:20:00,29.2,-82.9,0,45
2021,Claudette,2021-06-19 04:30:00,29.2,-91.0,0,40
2021,Danny,2021-06-28 23:20:00,32.3,-80.5,0,35
2021,Elsa,2021-07-05 18:30:00,22.2,-81.6,0,55
2021,Elsa,2021-07-07 14:30:00,29.8,-83.5,0,55
2021,Elsa,2021-07-09 15:00:00,40.9,-72.3,0,50
2021,Elsa,2021-07-09 16:30:00,41.4,-71.7,0,50
2021,Fred,2021-08-16 19:00:00,29.7,-85.4,0,55
2021,Grace,2021-08-19 09:45:00,20.1,-87.5,1,75
2021,Grace,2021-08-21 05:30:00,20.6,-97.1,3,105
2021,Henri,2021-08-22 15:20:00,41.2,-71.6,0,55
2021,Henri,2021-08-22 16:15:00,41.3,-71.8,0,55
2021,Ida,2021-08-27 18:00:00,21.5,-82.6,1,70
2021,Ida,2021-08-27 23:25:00,22.4,-83.2,1,70
2021,Ida,2021-08-29 16:55:00,29.1,-90.2,4,130
2021,Mindy,2021-09-09 01:15:00,29.7,-85.1,0,50
2021,Nicholas,2021-09-14 05:30:00,28.7,-95.7,1,65
2022,Colin,2022-07-01 23:30:00,32.4,-80.5,0,35
2022,Fiona,2022-09-20 11:00:00,21.4,-71.1,3,100
2022,Fiona,2022-09-24 07:00:00,45.2,-61.2,-4,85
2022,Ian,2022-09-27 08:30:00,22.2,-83.7,3,110
2022,Ian,2022-09-28 02:00:00,24.6,-82.9,3,110
2022,Ian,2022-09-28 19:05:00,26.7,-82.2,4,130
2022,Ian,2022-09-28 20:35:00,26.8,-82.0,4,125
2022,Ian,2022-09-30 18:05:00,33.3,-79.2,1,70
2022,Nicole,2022-11-09 17:00:00,26.5,-77.1,0,60
2022,Nicole,2022-11-09 23:00:00,26.6,-78.2,1,65
2022,Nicole,2022-11-10 07:45:00,27.6,-80.3,1,65
2022,Nicole,2022-11-10 19:00:00,29.2,-83.0,0,40
2022,Nicole,2022-11-11 00:00:00,30.1,-84.0,0,35
2023,Harold,2023-08-22 15:00:00,27.1,-97.4,0,50
2023,Idalia,2023-08-27 06:00:00,20.5,-86.8,-1,30
2023,Idalia,2023-08-30 11:45:00,29.9,-83.6,3,100
2023,Lee,2023-09-16 20:00:00,44.3,-66.3,-4,55
2023,Ophelia,2023-09-23 10:15:00,34.7,-77.1,0,60
2024,Alberto,2024-06-20 09:00:00,22.4,-97.8,0,45
2024,Beryl,2024-07-05 11:00:00,20.3,-87.4,1,80
2024,Beryl,2024-07-08 08:40:00,28.6,-96.0,1,80
2024,Debby,2024-08-05 11:00:00,29.7,-83.5,1,70
2024,Debby,2024-08-08 06:00:00,33.0,-79.6,-2,40
2024,Ernesto,2024-08-17 08:30:00,32.3,-64.8,1,75
2024,Francine,2024-09-11 22:00:00,29.3,-91.3,2,90
2024,Helene,2024-09-27 03:10:00,30.0,-83.7,4,120
2024,Milton,2024-10-10 00:30:00,27.4,-82.6,3,100
2024,Oscar,2024-10-19 20:15:00,21.5,-71.1,1,75
2024,Oscar,2024-10-20 22:00:00,20.3,-74.4,1,75
2024,Rafael,2024-11-06 21:15:00,22.7,-82.7,3,100
2025,Barry,2025-06-30 02:00:00,21.9,-97.7,-1,30
2025,Chantal,2025-07-06 08:00:00,33.6,-79.0,0,45
2025,Imelda,2025-09-29 12:00:00,26.4,-77.1,0,45
2025,Melissa,2025-10-29 22:15:00,23.1,-75.0,1,80
2025,Melissa,2025-10-30 02:00:00,24.0,-74.5,1,80
